rank,university,位置,score,logo_path,logo_url
1,哈佛大学,美国,98.5,logos_cn/哈佛大学-m.jpg,https://www.qschina.cn/sites/default/files/harvard-university_253_small.jpg
2,牛津大学,英国,96.5,logos_cn/牛津大学-m.jpg,https://www.qschina.cn/sites/default/files/university-of-oxford_478_small.jpg
3,剑桥大学EDIT,英国,96.3,logos_cn/剑桥大学-m.jpg,https://www.qschina.cn/sites/default/files/university-of-cambridge_95_small.jpg
4,耶鲁大学,美国,91.7,logos_cn/耶鲁大学-m.jpg,https://www.qschina.cn/sites/default/files/yale-university_684_small.jpg
5,伦敦经济政治学院,英国,91.5,logos_cn/伦敦经济政治学院-m.jpg,https://www.qschina.cn/sites/default/files/london-school-of-economics-and-political-science-lse_362_small.jpg
6,哥伦比亚大学,美国,91.2,logos_cn/哥伦比亚大学-m.jpg,https://www.qschina.cn/sites/default/files/columbia-university_138_small.jpg
7,斯坦福大学,美国,90.4,logos_cn/斯坦福大学-m.jpg,https://www.qschina.cn/sites/default/files/stanford-university_573_small.jpg
8,加州大学伯克利分校,美国,90,logos_cn/加州大学伯克利分校-m.jpg,https://www.qschina.cn/sites/default/files/university-of-california-berkeley-ucb_84_small.jpg
9,普林斯顿大学,美国,89.5,logos_cn/普林斯顿大学-m.jpg,https://www.qschina.cn/sites/default/files/princeton-university_508_small.jpg
10,加州大学洛杉矶分校,美国,87.3,logos_cn/加州大学洛杉矶分校-m.jpg,https://www.qschina.cn/sites/default/files/university-of-california-los-angeles-ucla_87_small.jpg
11,芝加哥大学,美国,86.6,logos_cn/芝加哥大学-m.jpg,https://www.qschina.cn/sites/default/files/university-of-chicago_120_small.jpg
12,密歇根大学,美国,85.5,logos_cn/密歇根大学-m.jpg,https://www.qschina.cn/sites/default/files/university-of-michigan_403_small.jpg
13,多伦多大学,加拿大,84.9,logos_cn/多伦多大学-m.jpg,https://www.qschina.cn/sites/default/files/university-of-toronto_619_small.jpg
14,伦敦国王学院,英国,84.2,logos_cn/伦敦国王学院-m.jpg,https://www.qschina.cn/sites/default/files/kings-college-london_357_small.jpg
15,莱顿大学,荷兰,84,logos_cn/莱顿大学-m.jpg,https://www.qschina.cn/sites/default/files/leiden-university_340_small.jpg
15,新加坡国立大学,新加坡,84,logos_cn/新加坡国立大学-m.jpg,https://www.qschina.cn/sites/default/files/national-university-of-singapore-nus_443_small.jpg
17,澳大利亚国立大学（ANU),澳大利亚,83.8,logos_cn/澳大利亚国立大学（ANU)-m.jpg,https://www.qschina.cn/sites/default/files/the-australian-national-university_40_small.jpg
18,康奈尔大学,美国,82.6,logos_cn/康奈尔大学-m.jpg,https://www.qschina.cn/sites/default/files/cornell-university_143_small.jpg
19,伦敦大学学院,英国,82.5,logos_cn/伦敦大学学院-m.jpg,https://www.qschina.cn/sites/default/files/ucl_592560cf2aeae70239af4bf1_small.jpg
19,爱丁堡大学,英国,82.5,logos_cn/爱丁堡大学-m.jpg,https://www.qschina.cn/sites/default/files/the-university-of-edinburgh_180_small.jpg
21,约翰霍普金斯大学,美国,82.2,logos_cn/约翰霍普金斯大学-m.jpg,https://www.qschina.cn/sites/default/files/johns-hopkins-university_305_small.jpg
22,悉尼大学,澳大利亚,81.3,logos_cn/悉尼大学-m.jpg,https://www.qschina.cn/sites/default/files/the-university-of-sydney_592560cf2aeae70239af4cd0_small.jpg
23,柏林自由大学,德国,80.8,logos_cn/柏林自由大学-m.jpg,https://www.qschina.cn/sites/default/files/freie-universitaet-berlin_215_small.jpg
24,不列颠哥伦比亚大学,加拿大,80.4,logos_cn/不列颠哥伦比亚大学-m.jpg,https://www.qschina.cn/sites/default/files/university-of-british-columbia_70_small.jpg
24,威斯康星大学麦迪逊分校,美国,80.4,logos_cn/威斯康星大学麦迪逊分校-m.jpg,https://www.qschina.cn/sites/default/files/university-of-wisconsin-madison_678_small.jpg
26,路德维希 - 马克西米利安 - 慕尼黑大学,德国,80,logos_cn/路德维希 - 马克西米利安 - 慕尼黑大学-m.jpg,https://www.qschina.cn/sites/default/files/ludwig-maximilians-universitt-mnchen_420_small.jpg
27,德克萨斯大学奥斯汀分校,美国,79.6,logos_cn/德克萨斯大学奥斯汀分校-m.jpg,https://www.qschina.cn/sites/default/files/university-of-texas-at-austin_604_small.jpg
28,宾夕法尼亚大学,美国,79.5,logos_cn/宾夕法尼亚大学-m.jpg,https://www.qschina.cn/sites/default/files/university-of-pennsylvania_495_small.jpg
29,北京大学,中国(大陆),79.3,logos_cn/北京大学-m.jpg,https://www.qschina.cn/sites/default/files/peking-university_50_small.jpg
30,柏林洪堡大学,德国,79.2,logos_cn/柏林洪堡大学-m.jpg,https://www.qschina.cn/sites/default/files/humboldt-universitt-zu-berlin_272_small.jpg
30,纽约大学（NYU）,美国,79.2,logos_cn/纽约大学（NYU）-m.jpg,https://www.qschina.cn/sites/default/files/new-york-university-nyu_448_small.jpg
32,东京大学,日本,78.8,logos_cn/东京大学-m.jpg,https://www.qschina.cn/sites/default/files/the-university-of-tokyo_615_small.jpg
33,巴黎第一大学,法国,77.8,logos_cn/巴黎第一大学-m.jpg,https://www.qschina.cn/sites/default/files/universit-paris-1-panthon-sorbonne_482_small.jpg
34,杜克大学,美国,77.7,logos_cn/杜克大学-m.jpg,https://www.qschina.cn/sites/default/files/duke-university_168_small.jpg
35,京都大学,日本,77.5,logos_cn/京都大学-m.jpg,https://www.qschina.cn/sites/default/files/kyoto-university_328_small.jpg
35,阿姆斯特丹大学,荷兰,77.5,logos_cn/阿姆斯特丹大学-m.jpg,https://www.qschina.cn/sites/default/files/university-of-amsterdam_18_small.jpg
37,杜伦大学,英国,77.4,logos_cn/杜伦大学-m.jpg,https://www.qschina.cn/sites/default/files/durham-university_170_small.jpg
38,墨尔本大学,澳大利亚,77.3,logos_cn/墨尔本大学-m.jpg,https://www.qschina.cn/sites/default/files/the-university-of-melbourne_399_small.jpg
39,北卡罗来纳大学教堂山,美国,77.1,logos_cn/北卡罗来纳大学教堂山-m.jpg,https://www.qschina.cn/sites/default/files/university-of-north-carolina-chapel-hill_424_small.jpg
39,圣安德鲁斯大学,英国,77.1,logos_cn/圣安德鲁斯大学-m.jpg,https://www.qschina.cn/sites/default/files/university-of-st-andrews_570_small.jpg
41,曼彻斯特大学,英国,77,logos_cn/曼彻斯特大学-m.jpg,https://www.qschina.cn/sites/default/files/the-university-of-manchester_389_small.jpg
42,华威大学,英国,76.8,logos_cn/华威大学-m.jpg,https://www.qschina.cn/sites/default/files/the-university-of-warwick_664_small.jpg
43,麦吉尔大学,加拿大,76.3,logos_cn/麦吉尔大学-m.jpg,https://www.qschina.cn/sites/default/files/mcgill-university_592560cf2aeae70239af4c10_small.jpg
44,鲁普莱希特-卡尔斯-海德堡大学,德国,75.3,logos_cn/鲁普莱希特-卡尔斯-海德堡大学-m.jpg,https://www.qschina.cn/sites/default/files/ruprecht-karls-universitaet-heidelberg_259_small.jpg
45,SOAS伦敦大学东方与非洲研究学院,英国,75.1,logos_cn/SOAS伦敦大学东方与非洲研究学院-m.jpg,https://www.qschina.cn/sites/default/files/soas-university-of-london-_592560cf2aeae70239af4bf0_small.jpg
46,索邦大学,法国,74.9,logos_cn/索邦大学-m.jpg,https://www.qschina.cn/sites/default/files/sorbonne-university_5a6afcfecb4de709397114fe_small.jpg
46,埃克塞特大学,英国,74.9,logos_cn/埃克塞特大学-m.jpg,https://www.qschina.cn/sites/default/files/the-university-of-exeter_204_small.jpg
46,约克大学,英国,74.9,logos_cn/约克大学-m.jpg,https://www.qschina.cn/sites/default/files/university-of-york_689_small.jpg
49,墨西哥国立自治大学,墨西哥,74.8,logos_cn/墨西哥国立自治大学-m.jpg,https://www.qschina.cn/sites/default/files/universidad-nacional-autnoma-de-mxico-unam_425_small.jpg
50,香港大学（HKU）,香港,74.5,logos_cn/香港大学（HKU）-m.jpg,https://www.qschina.cn/sites/default/files/the-university-of-hong-kong_268_small.jpg
51-100,布朗大学,美国,,logos_cn/布朗大学-m.jpg,https://www.qschina.cn/sites/default/files/brown-university_72_small.jpg
51-100,中欧大学,匈牙利,,logos_cn/中欧大学-m.jpg,https://www.qschina.cn/sites/default/files/central-european-university_592560cf2aeae70239af4af3_small.jpg
51-100,蒂宾根大学,德国,,logos_cn/蒂宾根大学-m.jpg,https://www.qschina.cn/sites/default/files/eberhard-karls-universitt-tbingen_629_small.jpg
51-100,Ecole des Hautes Etudes en Sciences Sociales,法国,,logos_cn/Ecole des Hautes Etudes en Sciences Sociales-m.jpg,https://www.qschina.cn/sites/default/files/ecole-des-hautes-etudes-en-sciences-sociales_592560cf2aeae70239af583e_small.jpg
51-100,欧洲大学学院,意大利,,logos_cn/欧洲大学学院-m.jpg,https://www.qschina.cn/sites/default/files/european-university-institute_15283_small.jpg
51-100,复旦大学,中国(大陆),,logos_cn/复旦大学-m.jpg,https://www.qschina.cn/sites/default/files/fudan-university_218_small.jpg
51-100,乔治奥古斯特哥廷根大学,德国,,logos_cn/乔治奥古斯特哥廷根大学-m.jpg,https://www.qschina.cn/sites/default/files/university-of-gttingen_234_small.jpg
51-100,乔治城大学,美国,,logos_cn/乔治城大学-m.jpg,https://www.qschina.cn/sites/default/files/georgetown-university_224_small.jpg
51-100,鲁汶大学,比利时,,logos_cn/鲁汶大学-m.jpg,https://www.qschina.cn/sites/default/files/ku-leuven_592560cf2aeae70239af4aec_small.jpg
51-100,罗蒙诺索夫莫斯科国立大学,俄罗斯,,logos_cn/罗蒙诺索夫莫斯科国立大学-m.jpg,https://www.qschina.cn/sites/default/files/lomonosov-moscow-state-university-_592560cf2aeae70239af4c27_small.jpg
51-100,麻省理工学院,美国,,logos_cn/麻省理工学院-m.jpg,https://www.qschina.cn/sites/default/files/massachusetts-institute-of-technology-mit_410_small.jpg
51-100,蒙纳士大学,澳大利亚,,logos_cn/蒙纳士大学-m.jpg,https://www.qschina.cn/sites/default/files/monash-university_412_small.jpg
51-100,南洋理工大学,新加坡,,logos_cn/南洋理工大学-m.jpg,https://www.qschina.cn/sites/default/files/nanyang-technological-university-singapore-ntu_592560cf2aeae70239af4c32_small.jpg
51-100,俄罗斯国家研究型高等经济大学（HSE）,俄罗斯,,logos_cn/俄罗斯国家研究型高等经济大学（HSE）-m.jpg,https://www.qschina.cn/sites/default/files/hse-university-national-research-university-higher-school-of-economics_592560cf2aeae70239af52ec_small.jpg
51-100,西北大学,美国,,logos_cn/西北大学-m.jpg,https://www.qschina.cn/sites/default/files/northwestern-university_592560cf2aeae70239af4c50_small.jpg
51-100,大阪大学,日本,,logos_cn/大阪大学-m.jpg,https://www.qschina.cn/sites/default/files/osaka-university_472_small.jpg
51-100,宾夕法尼亚州立大学,美国,,logos_cn/宾夕法尼亚州立大学-m.jpg,https://www.qschina.cn/sites/default/files/pennsylvania-state-university_494_small.jpg
51-100,智利天主教大学,智利,,logos_cn/智利天主教大学-m.jpg,https://www.qschina.cn/sites/default/files/pontificia-universidad-catlica-de-chile-uc_107_small.jpg
51-100,伦敦大学皇后玛丽学院（QMUL）,英国,,logos_cn/伦敦大学皇后玛丽学院（QMUL）-m.jpg,https://www.qschina.cn/sites/default/files/queen-mary-university-of-london_592560cf2aeae70239af4bea_small.jpg
51-100,中国人民大学,中国(大陆),,logos_cn/中国人民大学-m.jpg,https://www.qschina.cn/sites/default/files/renmin-peoples-university-of-china_884_small.jpg
51-100,萨皮恩扎 - 罗马大学,意大利,,logos_cn/萨皮恩扎 - 罗马大学-m.jpg,https://www.qschina.cn/sites/default/files/sapienza-university-of-rome_592560cf2aeae70239af4c97_small.jpg
51-100,巴黎政治学院,法国,,logos_cn/巴黎政治学院-m.jpg,https://www.qschina.cn/sites/default/files/sciences-po-_592560cf2aeae70239af4c64_small.jpg
51-100,首尔国立大学,韩国,,logos_cn/首尔国立大学-m.jpg,https://www.qschina.cn/sites/default/files/graduate-school-of-business-seoul-national-university_553_small.jpg
51-100,香港中文大学,香港,,logos_cn/香港中文大学-m.jpg,https://www.qschina.cn/sites/default/files/the-chinese-university-of-hong-kong-cuhk_123_small.jpg
51-100,新南威尔士大学（UNSW）,澳大利亚,,logos_cn/新南威尔士大学（UNSW）-m.jpg,https://www.qschina.cn/sites/default/files/the-university-of-new-south-wales-unsw-sydney_447_small.jpg
51-100,昆士兰大学（UQ）,澳大利亚,,logos_cn/昆士兰大学（UQ）-m.jpg,https://www.qschina.cn/sites/default/files/the-university-of-queensland_515_small.jpg
51-100,都柏林三一学院,爱尔兰,,logos_cn/都柏林三一学院-m.jpg,https://www.qschina.cn/sites/default/files/trinity-college-dublin-the-university-of-dublin_167_small.jpg
51-100,马德里康普顿斯大学（UCM）,西班牙,,logos_cn/马德里康普顿斯大学（UCM）-m.jpg,https://www.qschina.cn/sites/default/files/complutense-university-of-madrid_592560cf2aeae70239af4bff_small.jpg
51-100,布宜诺斯艾利斯大学,阿根廷,,logos_cn/布宜诺斯艾利斯大学-m.jpg,https://www.qschina.cn/sites/default/files/universidad-de-buenos-aires-uba_78_small.jpg
51-100,智利大学,智利,,logos_cn/智利大学-m.jpg,https://www.qschina.cn/sites/default/files/universidad-de-chile_121_small.jpg
51-100,圣保罗大学,巴西,,logos_cn/圣保罗大学-m.jpg,https://www.qschina.cn/sites/default/files/universidade-de-so-paulo_550_small.jpg
51-100,博洛尼亚大学,意大利,,logos_cn/博洛尼亚大学-m.jpg,https://www.qschina.cn/sites/default/files/alma-mater-studiorum-university-of-bologna_592560cf2aeae70239af4ac0_small.jpg
51-100,维也纳大学,奥地利,,logos_cn/维也纳大学-m.jpg,https://www.qschina.cn/sites/default/files/university-of-vienna_652_small.jpg
51-100,都柏林大学,爱尔兰,,logos_cn/都柏林大学-m.jpg,https://www.qschina.cn/sites/default/files/university-college-dublin_166_small.jpg
51-100,伯明翰大学,英国,,logos_cn/伯明翰大学-m.jpg,https://www.qschina.cn/sites/default/files/university-of-birmingham_59_small.jpg
51-100,布里斯托大学,英国,,logos_cn/布里斯托大学-m.jpg,https://www.qschina.cn/sites/default/files/university-of-bristol_69_small.jpg
51-100,加州大学戴维斯分校,美国,,logos_cn/加州大学戴维斯分校-m.jpg,https://www.qschina.cn/sites/default/files/university-of-california-davis_592560cf2aeae70239af4ad8_small.jpg
51-100,加州大学圣地亚哥分校,美国,,logos_cn/加州大学圣地亚哥分校-m.jpg,https://www.qschina.cn/sites/default/files/university-of-california-san-diego-ucsd_89_small.jpg
51-100,哥本哈根大学,丹麦,,logos_cn/哥本哈根大学-m.jpg,https://www.qschina.cn/sites/default/files/university-of-copenhagen_141_small.jpg
51-100,日内瓦大学,瑞士,,logos_cn/日内瓦大学-m.jpg,https://www.qschina.cn/sites/default/files/university-of-geneva_221_small.jpg
51-100,格拉斯哥大学,英国,,logos_cn/格拉斯哥大学-m.jpg,https://www.qschina.cn/sites/default/files/university-of-glasgow_592560cf2aeae70239af4b6c_small.jpg
51-100,赫尔辛基大学,芬兰,,logos_cn/赫尔辛基大学-m.jpg,https://www.qschina.cn/sites/default/files/university-of-helsinki_260_small.jpg
51-100,利兹大学,英国,,logos_cn/利兹大学-m.jpg,https://www.qschina.cn/sites/default/files/university-of-leeds_338_small.jpg
51-100,明尼苏达大学,美国,,logos_cn/明尼苏达大学-m.jpg,https://www.qschina.cn/sites/default/files/university-of-minnesota_408_small.jpg
51-100,南加州大学,美国,,logos_cn/南加州大学-m.jpg,https://www.qschina.cn/sites/default/files/university-of-southern-california_569_small.jpg
51-100,弗吉尼亚大学,美国,,logos_cn/弗吉尼亚大学-m.jpg,https://www.qschina.cn/sites/default/files/university-of-virginia_656_small.jpg
51-100,华盛顿大学,美国,,logos_cn/华盛顿大学-m.jpg,https://www.qschina.cn/sites/default/files/university-of-washington_592560cf2aeae70239af4d1e_small.jpg
51-100,苏黎世大学,瑞士,,logos_cn/苏黎世大学-m.jpg,https://www.qschina.cn/sites/default/files/university-of-zurich_693_small.jpg
51-100,乌普萨拉大学,瑞典,,logos_cn/乌普萨拉大学-m.jpg,https://www.qschina.cn/sites/default/files/uppsala-university_643_small.jpg
51-100,乌得勒支大学,荷兰,,logos_cn/乌得勒支大学-m.jpg,https://www.qschina.cn/sites/default/files/utrecht-university_646_small.jpg
101-150,奥胡斯大学,丹麦,,logos_cn/奥胡斯大学-m.jpg,https://www.qschina.cn/sites/default/files/aarhus-university_592560cf2aeae70239af4a8a_small.jpg
101-150,纽约市立大学,美国,,logos_cn/纽约市立大学-m.jpg,https://www.qschina.cn/sites/default/files/city-university-of-new-york_149_small.jpg
101-150,Colegio de México,墨西哥,,logos_cn/Colegio de México-m.jpg,https://www.qschina.cn/sites/default/files/el-colegio-de-mxico-a.c._592560cf2aeae70239af547b_small.jpg
101-150,乔治华盛顿大学,美国,,logos_cn/乔治华盛顿大学-m.jpg,https://www.qschina.cn/sites/default/files/george-washington-university_223_small.jpg
101-150,印第安纳大学伯明顿分校,美国,,logos_cn/印第安纳大学伯明顿分校-m.jpg,https://www.qschina.cn/sites/default/files/indiana-university-bloomington_289_small.jpg
101-150,尼赫鲁大学,印度,,logos_cn/尼赫鲁大学-m.jpg,https://www.qschina.cn/sites/default/files/jawaharlal-nehru-university_302_small.jpg
101-150,庆应义塾大学,日本,,logos_cn/庆应义塾大学-m.jpg,https://www.qschina.cn/sites/default/files/keio-university_592560cf2aeae70239af4bbe_small.jpg
101-150,高丽大学,韩国,,logos_cn/高丽大学-m.jpg,https://www.qschina.cn/sites/default/files/korea-university_325_small.jpg
101-150,隆德大学,瑞典,,logos_cn/隆德大学-m.jpg,https://www.qschina.cn/sites/default/files/lund-university_371_small.jpg
101-150,麦克马斯特大学,加拿大,,logos_cn/麦克马斯特大学-m.jpg,https://www.qschina.cn/sites/default/files/mcmaster-university_397_small.jpg
101-150,密歇根州立大学,美国,,logos_cn/密歇根州立大学-m.jpg,https://www.qschina.cn/sites/default/files/michigan-state-university_402_small.jpg
101-150,台湾大学,台湾,,logos_cn/台湾大学-m.jpg,https://www.qschina.cn/sites/default/files/national-taiwan-university-ntu_592560cf2aeae70239af4c3c_small.jpg
101-150,俄亥俄州立大学,美国,,logos_cn/俄亥俄州立大学-m.jpg,https://www.qschina.cn/sites/default/files/the-ohio-state-university_465_small.jpg
101-150,女王大学,加拿大,,logos_cn/女王大学-m.jpg,https://www.qschina.cn/sites/default/files/queens-university-at-kingston_513_small.jpg
101-150,伦敦皇家霍洛威大学,英国,,logos_cn/伦敦皇家霍洛威大学-m.jpg,https://www.qschina.cn/sites/default/files/royal-holloway-university-of-london_534_small.jpg
101-150,圣彼得堡州立大学,俄罗斯,,logos_cn/圣彼得堡州立大学-m.jpg,https://www.qschina.cn/sites/default/files/saint-petersburg-state-university_592560cf2aeae70239af4cc0_small.jpg
101-150,斯德哥尔摩大学,瑞典,,logos_cn/斯德哥尔摩大学-m.jpg,https://www.qschina.cn/sites/default/files/stockholm-university_577_small.jpg
101-150,奥克兰大学,新西兰,,logos_cn/奥克兰大学-m.jpg,https://www.qschina.cn/sites/default/files/the-university-of-auckland_592560cf2aeae70239af4aa8_small.jpg
101-150,诺丁汉大学,英国,,logos_cn/诺丁汉大学-m.jpg,https://www.qschina.cn/sites/default/files/the-university-of-nottingham_592560cf2aeae70239af4c4e_small.jpg
101-150,谢菲尔德大学,英国,,logos_cn/谢菲尔德大学-m.jpg,https://www.qschina.cn/sites/default/files/the-university-of-sheffield_592560cf2aeae70239af4cb1_small.jpg
101-150,清华大学,中国(大陆),,logos_cn/清华大学-m.jpg,https://www.qschina.cn/sites/default/files/tsinghua-university_626_small.jpg
101-150,马德里自治大学,西班牙,,logos_cn/马德里自治大学-m.jpg,https://www.qschina.cn/sites/default/files/universidad-autnoma-de-madrid_379_small.jpg
101-150,洛斯安第斯哥伦比亚大学,哥伦比亚,,logos_cn/洛斯安第斯哥伦比亚大学-m.jpg,https://www.qschina.cn/sites/default/files/universidad-de-los-andes_592560cf2aeae70239af4bf6_small.jpg
101-150,金边大学,巴西,,logos_cn/金边大学-m.jpg,https://www.qschina.cn/sites/default/files/universidade-estadual-de-campinas-unicamp_96_small.jpg
101-150,里约热内卢联邦大学,巴西,,logos_cn/里约热内卢联邦大学-m.jpg,https://www.qschina.cn/sites/default/files/universidade-federal-do-rio-de-janeiro_525_small.jpg
101-150,威尼斯大学,意大利,,logos_cn/威尼斯大学-m.jpg,https://www.qschina.cn/sites/default/files/ca-foscari-university-of-venice_764_small.jpg
101-150,佛罗伦萨大学,意大利,,logos_cn/佛罗伦萨大学-m.jpg,https://www.qschina.cn/sites/default/files/university-of-florence_208_small.jpg
101-150,帕多瓦大学（UNIPD）,意大利,,logos_cn/帕多瓦大学（UNIPD）-m.jpg,https://www.qschina.cn/sites/default/files/universitdi-padova_480_small.jpg
101-150,巴塞罗那自治大学,西班牙,,logos_cn/巴塞罗那自治大学-m.jpg,https://www.qschina.cn/sites/default/files/universitat-autnoma-de-barcelona_592560cf2aeae70239af4ab0_small.jpg
101-150,巴塞罗那大学,西班牙,,logos_cn/巴塞罗那大学-m.jpg,https://www.qschina.cn/sites/default/files/university-of-barcelona_592560cf2aeae70239af4aaf_small.jpg
101-150,法兰克福大学,德国,,logos_cn/法兰克福大学-m.jpg,https://www.qschina.cn/sites/default/files/universitt-frankfurt-am-main_214_small.jpg
101-150,弗莱堡大学,德国,,logos_cn/弗莱堡大学-m.jpg,https://www.qschina.cn/sites/default/files/albert-ludwigs-universitaet-freiburg_216_small.jpg
101-150,汉堡大学,德国,,logos_cn/汉堡大学-m.jpg,https://www.qschina.cn/sites/default/files/universitt-hamburg_592560cf2aeae70239af4b79_small.jpg
101-150,Université PSL,法国,,logos_cn/Université PSL-m.jpg,https://www.qschina.cn/sites/default/files/universit-psl_592560e69988f300e2321dfe_small.jpg
101-150,开普敦大学,南非,,logos_cn/开普敦大学-m.jpg,https://www.qschina.cn/sites/default/files/uct-graduate-school-of-business_592560cf2aeae70239af4ae5_small.jpg
101-150,根特大学,比利时,,logos_cn/根特大学-m.jpg,https://www.qschina.cn/sites/default/files/ghent-university_228_small.jpg
101-150,格罗宁根大学,荷兰,,logos_cn/格罗宁根大学-m.jpg,https://www.qschina.cn/sites/default/files/university-of-groningen_243_small.jpg
101-150,伊利诺伊大学香槟分校,美国,,logos_cn/伊利诺伊大学香槟分校-m.jpg,https://www.qschina.cn/sites/default/files/university-of-illinois-at-urbana-champaign_2090_small.jpg
101-150,莱斯特大学,英国,,logos_cn/莱斯特大学-m.jpg,https://www.qschina.cn/sites/default/files/university-of-leicester_339_small.jpg
101-150,利物浦大学,英国,,logos_cn/利物浦大学-m.jpg,https://www.qschina.cn/sites/default/files/university-of-liverpool_350_small.jpg
101-150,圣母大学,美国,,logos_cn/圣母大学-m.jpg,https://www.qschina.cn/sites/default/files/university-of-notre-dame_458_small.jpg
101-150,奥斯陆大学,挪威,,logos_cn/奥斯陆大学-m.jpg,https://www.qschina.cn/sites/default/files/university-of-oslo_473_small.jpg
101-150,奥塔哥大学,新西兰,,logos_cn/奥塔哥大学-m.jpg,https://www.qschina.cn/sites/default/files/university-of-otago_474_small.jpg
101-150,苏塞克斯大学,英国,,logos_cn/苏塞克斯大学-m.jpg,https://www.qschina.cn/sites/default/files/university-of-sussex_592560cf2aeae70239af4ccd_small.jpg
101-150,乌拉尔联邦大学,俄罗斯,,logos_cn/乌拉尔联邦大学-m.jpg,https://www.qschina.cn/sites/default/files/ural-federal-university-urfu_592560cf2aeae70239af505a_small.jpg
101-150,惠灵顿维多利亚大学,新西兰,,logos_cn/惠灵顿维多利亚大学-m.jpg,https://www.qschina.cn/sites/default/files/victoria-university-of-wellington_592560cf2aeae70239af4d0f_small.jpg
101-150,早稻田大学,日本,,logos_cn/早稻田大学-m.jpg,https://www.qschina.cn/sites/default/files/waseda-university_592560cf2aeae70239af4d1c_small.jpg
101-150,延世大学,韩国,,logos_cn/延世大学-m.jpg,https://www.qschina.cn/sites/default/files/yonsei-university_688_small.jpg
101-150,约克大学,加拿大,,logos_cn/约克大学-m.jpg,https://www.qschina.cn/sites/default/files/york-university_592560cf2aeae70239af4d39_small.jpg
101-150,浙江大学,中国(大陆),,logos_cn/浙江大学-m.jpg,https://www.qschina.cn/sites/default/files/zhejiang-university_592560cf2aeae70239af4d37_small.jpg
151-200,哈拉克国立大学,哈萨克斯坦,,logos_cn/哈拉克国立大学-m.jpg,https://www.qschina.cn/sites/default/files/al-farabi-kazakh-national-university_2146_small.jpg
151-200,亚利桑那州立大学,美国,,logos_cn/亚利桑那州立大学-m.jpg,https://www.qschina.cn/sites/default/files/arizona-state-university_592560cf2aeae70239af4a9c_small.jpg
151-200,北京师范大学,中国(大陆),,logos_cn/北京师范大学-m.jpg,https://www.qschina.cn/sites/default/files/beijing-normal-university_869_small.jpg
151-200,波士顿大学,美国,,logos_cn/波士顿大学-m.jpg,https://www.qschina.cn/sites/default/files/boston-university_592560cf2aeae70239af4ac2_small.jpg
151-200,卡迪夫大学,英国,,logos_cn/卡迪夫大学-m.jpg,https://www.qschina.cn/sites/default/files/cardiff-university_592560cf2aeae70239af4ae6_small.jpg
151-200,布拉格查理大学,捷克,,logos_cn/布拉格查理大学-m.jpg,https://www.qschina.cn/sites/default/files/charles-university_117_small.jpg
151-200,达特茅斯学院,美国,,logos_cn/达特茅斯学院-m.jpg,https://www.qschina.cn/sites/default/files/dartmouth-college_592560cf2aeae70239af4b1c_small.jpg
151-200,鹿特丹伊拉斯谟大学,荷兰,,logos_cn/鹿特丹伊拉斯谟大学-m.jpg,https://www.qschina.cn/sites/default/files/erasmus-university-rotterdam_190_small.jpg
151-200,希伯来大学,以色列,,logos_cn/希伯来大学-m.jpg,https://www.qschina.cn/sites/default/files/the-hebrew-university-of-jerusalem_256_small.jpg
151-200,拉瓦尔大学,加拿大,,logos_cn/拉瓦尔大学-m.jpg,https://www.qschina.cn/sites/default/files/laval-university_337_small.jpg
151-200,麦考瑞大学,澳大利亚,,logos_cn/麦考瑞大学-m.jpg,https://www.qschina.cn/sites/default/files/macquarie-university_378_small.jpg
151-200,南京大学,中国(大陆),,logos_cn/南京大学-m.jpg,https://www.qschina.cn/sites/default/files/nanjing-university_430_small.jpg
151-200,纽卡斯尔大学,英国,,logos_cn/纽卡斯尔大学-m.jpg,https://www.qschina.cn/sites/default/files/newcastle-university_592560cf2aeae70239af4c45_small.jpg
151-200,罗格斯大学 - 新泽西州立大学新不伦瑞克分校,美国,,logos_cn/罗格斯大学 - 新泽西州立大学新不伦瑞克分校-m.jpg,https://www.qschina.cn/sites/default/files/rutgers-university-new-brunswick_538_small.jpg
151-200,中山大学,中国(大陆),,logos_cn/中山大学-m.jpg,https://www.qschina.cn/sites/default/files/sun-yat-sen-university_888_small.jpg
151-200,特拉维夫大学,以色列,,logos_cn/特拉维夫大学-m.jpg,https://www.qschina.cn/sites/default/files/tel-aviv-university_592560cf2aeae70239af4cde_small.jpg
151-200,阿德莱德大学,澳大利亚,,logos_cn/阿德莱德大学-m.jpg,https://www.qschina.cn/sites/default/files/the-university-of-adelaide_10_small.jpg
151-200,西澳大学（UWA）,澳大利亚,,logos_cn/西澳大学（UWA）-m.jpg,https://www.qschina.cn/sites/default/files/the-university-of-western-australia_673_small.jpg
151-200,格拉纳达大学,西班牙,,logos_cn/格拉纳达大学-m.jpg,https://www.qschina.cn/sites/default/files/university-of-granada_235_small.jpg
151-200,萨拉曼卡大学,西班牙,,logos_cn/萨拉曼卡大学-m.jpg,https://www.qschina.cn/sites/default/files/university-of-salamanca_544_small.jpg
151-200,塞维利亚大学,西班牙,,logos_cn/塞维利亚大学-m.jpg,https://www.qschina.cn/sites/default/files/universidad-de-sevilla_554_small.jpg
151-200,哥伦比亚国立大学,哥伦比亚,,logos_cn/哥伦比亚国立大学-m.jpg,https://www.qschina.cn/sites/default/files/universidad-nacional-de-colombia_592560cf2aeae70239af4b0b_small.jpg
151-200,新里斯本大学,葡萄牙,,logos_cn/新里斯本大学-m.jpg,https://www.qschina.cn/sites/default/files/universidade-nova-de-lisboa_460_small.jpg
151-200,米兰大学,意大利,,logos_cn/米兰大学-m.jpg,https://www.qschina.cn/sites/default/files/university-of-milan_1873_small.jpg
151-200,那不勒斯腓特烈二世大学,意大利,,logos_cn/那不勒斯腓特烈二世大学-m.jpg,https://www.qschina.cn/sites/default/files/university-of-naples-federico-ii_432_small.jpg
151-200,比勒费尔德大学,德国,,logos_cn/比勒费尔德大学-m.jpg,https://www.qschina.cn/sites/default/files/universitt-bielefeld_57_small.jpg
151-200,科隆大学,德国,,logos_cn/科隆大学-m.jpg,https://www.qschina.cn/sites/default/files/university-of-cologne_592560cf2aeae70239af4bc6_small.jpg
151-200,法语天主教鲁汶大学,比利时,,logos_cn/法语天主教鲁汶大学-m.jpg,https://www.qschina.cn/sites/default/files/universit-catholique-de-louvain-uclouvain_592560cf2aeae70239af4aed_small.jpg
151-200,蒙特利尔大学,加拿大,,logos_cn/蒙特利尔大学-m.jpg,https://www.qschina.cn/sites/default/files/universit-de-montral_417_small.jpg
151-200,Université de Paris,法国,,logos_cn/Université de Paris-m.jpg,https://www.qschina.cn/sites/default/files/universit-de-paris_5ddd0e075c52f3703747e454_small.jpg
151-200,马来亚大学（UM）,马来西亚,,logos_cn/马来亚大学（UM）-m.jpg,https://www.qschina.cn/sites/default/files/universiti-malaya-um_383_small.jpg
151-200,阿伯丁大学,英国,,logos_cn/阿伯丁大学-m.jpg,https://www.qschina.cn/sites/default/files/university-of-aberdeen_592560cf2aeae70239af4a8b_small.jpg
151-200,阿尔伯塔大学,加拿大,,logos_cn/阿尔伯塔大学-m.jpg,https://www.qschina.cn/sites/default/files/university-of-alberta_15_small.jpg
151-200,巴塞尔大学,瑞士,,logos_cn/巴塞尔大学-m.jpg,https://www.qschina.cn/sites/default/files/university-of-basel_46_small.jpg
151-200,伯尔尼大学,瑞士,,logos_cn/伯尔尼大学-m.jpg,https://www.qschina.cn/sites/default/files/university-of-bern_55_small.jpg
151-200,加州大学欧文分校,美国,,logos_cn/加州大学欧文分校-m.jpg,https://www.qschina.cn/sites/default/files/university-of-california-irvine_86_small.jpg
151-200,加州大学圣芭芭拉分校,美国,,logos_cn/加州大学圣芭芭拉分校-m.jpg,https://www.qschina.cn/sites/default/files/university-of-california-santa-barbara-ucsb_91_small.jpg
151-200,科英布拉大学,葡萄牙,,logos_cn/科英布拉大学-m.jpg,https://www.qschina.cn/sites/default/files/university-of-coimbra_592560cf2aeae70239af4b07_small.jpg
151-200,德里大学,印度,,logos_cn/德里大学-m.jpg,https://www.qschina.cn/sites/default/files/university-of-delhi_156_small.jpg
151-200,东英吉利大学（UEA）,英国,,logos_cn/东英吉利大学（UEA）-m.jpg,https://www.qschina.cn/sites/default/files/university-of-east-anglia-uea_637_small.jpg
151-200,佛罗里达大学,美国,,logos_cn/佛罗里达大学-m.jpg,https://www.qschina.cn/sites/default/files/university-of-florida_212_small.jpg
151-200,里斯本大学,葡萄牙,,logos_cn/里斯本大学-m.jpg,https://www.qschina.cn/sites/default/files/university-of-lisbon_1475_small.jpg
151-200,匹兹堡大学,美国,,logos_cn/匹兹堡大学-m.jpg,https://www.qschina.cn/sites/default/files/university-of-pittsburgh_500_small.jpg
151-200,雷丁大学,英国,,logos_cn/雷丁大学-m.jpg,https://www.qschina.cn/sites/default/files/university-of-reading_517_small.jpg
151-200,威特沃特斯兰德大学,南非,,logos_cn/威特沃特斯兰德大学-m.jpg,https://www.qschina.cn/sites/default/files/university-of-the-witwatersrand_679_small.jpg
151-200,华沙大学,波兰,,logos_cn/华沙大学-m.jpg,https://www.qschina.cn/sites/default/files/university-of-warsaw_663_small.jpg
151-200,华盛顿大学在圣路易斯,美国,,logos_cn/华盛顿大学在圣路易斯-m.jpg,https://www.qschina.cn/sites/default/files/washington-university-in-st.-louis_668_small.jpg
151-200,韦仕敦大学（西安大略大学）,加拿大,,logos_cn/韦仕敦大学（西安大略大学）-m.jpg,https://www.qschina.cn/sites/default/files/the-university-of-western-ontario_674_small.jpg
151-200,威廉姆斯大学明斯特,德国,,logos_cn/威廉姆斯大学明斯特-m.jpg,https://www.qschina.cn/sites/default/files/westflische-wilhelms-universitt-mnster_421_small.jpg
151-200,威廉玛丽学院,美国,,logos_cn/威廉玛丽学院-m.jpg,https://www.qschina.cn/sites/default/files/college-of-william-mary_592560cf2aeae70239af4b08_small.jpg